Segment,customers,churn_rate,R_med,F_med,M_med,risk_volume
Potential Loyalist,94330,0.49508109827202373,3.0,4.0,4.0,46701.0
Need Attention,82392,0.5938561996310321,2.0,4.0,2.0,48928.99999999999
At Risk,63185,0.7149481680778665,2.0,3.0,2.0,45174.0
Loyal/Recent,50783,0.2884035996297974,4.0,3.0,3.0,14646.000000000002
High-Value At-Risk,42125,0.5934480712166172,1.0,2.0,5.0,24999.0
Hibernating,40955,0.8579660603100965,1.0,2.0,2.0,35138.0
New but Inactive,36493,0.7492395801934617,4.0,2.0,2.0,27341.999999999996
Champions,30569,0.23128005495763682,4.0,4.0,5.0,7070.0
